Var1,Var2,Var3
1254.7477138512,1630.0859645028,1054.1512495911
-167.7768841574,452.3286028733,923.5757328803
4492.2365460626,5245.7174426355,14662.5345643286
5156.4856185614,3794.036110798,5319.3383881283
4639.4329338656,4577.279068773,15321.8427708827
4608.1470156836,4286.9992328415,-2661.8454981852
5836.2833570959,4903.7620166555,4616.3457353311
619.3127013621,1466.0043049104,1647.001122909
1302.4827978691,224.6778336091,566.5202524011
5220.3636633785,6537.2889608826,3403.6176083906
6333.0657583955,4772.1017476141,15376.1993866864
3294.8247111894,4311.0023087949,15785.0773632735
3983.8690220391,5161.9226644021,15687.8279275097
4644.0672610955,4593.8030808105,5023.7361699305
2805.5093234545,1332.8921174697,53.7224193856
10023.7860537856,9462.6297955163,9440.9321309153
4474.1470403643,4639.2670484537,14875.8523981277
5094.8914332881,3166.9528386133,-1625.2440499867
7043.5939385778,5084.3185900539,13932.238952813
5005.9253533946,4116.9164492537,-3080.4077676177
1074.8956852707,-25.9348893034,2329.942368248
6225.8455459307,5230.5233703232,4542.7664779637
5301.8951197837,4547.1049113764,-2692.5723516388
6103.8730898239,3084.5815583611,15198.4487442008
5595.113430101,5883.0380282045,12918.0801196177
4736.0409883911,4573.1219456353,16101.6125475114
5718.4359388606,5050.6498059213,5207.6156050014
5021.410990786,4987.8392945441,-2588.1780794072
98.687405834,-382.750626356,1801.0379949828
9879.6069761788,9512.3108174461,6448.6075917033
5597.8528670883,4617.8178550382,14509.9341196088
4857.0903638675,5205.8073026148,16255.2684291008
669.6714925953,2581.3176959772,1124.7283411932
867.4450980587,183.3500730144,1358.0017167079
458.2804781077,5.8420620361,1780.1658273496
2963.3449259547,1006.3072793876,1134.1170250396
8688.1621552317,7148.341669164,8587.7521185404
6440.7128564681,4588.21351736,5891.1047171502
3440.400458145,2212.6148481277,2044.3222817295
5625.1966089556,4388.7730883522,4627.4765442849
8262.9870631217,10088.608966858,9122.8814151038
4833.5018400022,6422.6918656664,-2391.3452874218
4100.5090512721,5644.9625732678,-4185.2322088955
309.298934445,1270.9458744064,313.7535916126
4266.0954485758,5600.271682365,-2540.9090736801
7451.8073183417,8019.2302879328,8546.1142475648
3804.2116556826,4712.7070717592,-2500.5042307073
5479.5986476993,5768.6471336937,3410.9210556593
3591.6751567112,4921.3221688428,4533.0140245646
5319.3830193022,5499.3230405642,-3535.4780786689
2015.2999143895,1858.7057388436,-401.2650437107
6021.6007161638,4789.7375184642,3765.2085256499
2084.7538000272,2673.0135100458,-1314.3277888206
499.2693233868,2212.4112152724,874.7559295013
5018.4689786823,4024.6089243319,-1524.4403060708
2207.3860346558,-159.8499019362,-99.9970051648
6015.1710459603,4808.4306959994,-2499.0119635355
4827.1199389919,5295.2942803012,-2697.7239864573
8074.2897103545,8399.1199075321,9228.7799097309
876.9203117575,350.6591759642,841.7453943848
14.9741246792,341.2159724535,700.0473389713
4987.9707985731,3803.4753201815,-3372.1107626262
6212.4477112984,6139.1851204601,4747.860392406
4921.0794451884,6216.3216865135,-3136.8960623297
5076.1101696688,3936.0296444381,4523.6027917309
1041.9339071561,512.526559339,985.5120236728
6066.0970970651,4586.5512862597,4332.6812920771
4998.8897999537,5676.0824366685,5190.8712895624
1544.60155526,910.4771961639,-513.5542808886
8715.3578465167,8346.6416474,9077.4093971928
4459.7191612021,4446.4561805624,6468.456558445
5586.2333199738,5655.7091320747,-3745.4882938582
4532.3513860243,4507.8122743729,3765.096793106
1790.3589172802,440.6149140838,-148.950338784
5280.087301991,6279.6290715506,-2632.5606653493
1520.5332255774,1770.3128087056,1456.1838477265
9466.3437134931,8484.1787535799,10340.6259889311
4745.1017069771,5236.9605871068,14800.7158196493
5596.8442205275,3369.2600642805,-3122.0311550582
1279.3346244479,498.5911720721,705.9801221454
5330.5465450477,5715.8282288394,14507.4348298129
8012.6969481414,7566.746895697,9813.6099422672
8094.800338231,8095.279808981,9795.9105165143
4356.0765094396,5784.3931288333,-3623.8976427569
6384.5250354162,6035.6612106032,-4034.3596152842
1218.4817996812,690.8913892026,817.8188219427
4763.7168327329,5147.2983093447,5271.1238560815
711.5381529253,532.0315786545,677.4524053486
4577.4382902696,5156.5516111159,-5080.8112622834
5592.0221210168,5141.8534339066,16625.3235778525
5333.6562803575,4493.3967401994,-3072.9636825831
6014.0006223053,3513.8203850417,16630.7406824184
-96.2813727724,642.9754963274,2580.9762181998
8224.8049787222,8228.7526684699,9771.2757970127
7674.9285006036,7805.4223269807,8997.2652081952
5930.8598358304,5872.7435110917,5003.2246030869
4630.0925961695,4820.959030542,5617.2357977358
3478.9605736181,4504.0517221265,-1677.8468813192
3176.7113898276,5307.0686121958,-2851.657591282
6648.9017797153,4836.8137617336,4073.6619025681
2.2735258263,20.5891488347,2342.6418312191
8759.8663243506,8295.0261666497,10165.9522040241
4869.0143545925,4601.1618718463,-2679.6647207608
103.1267444639,2399.8005737415,1320.1985624315
5560.8134936112,6464.2994669503,4720.2157036356
5579.8805680253,3862.8286568473,-2595.7836755828
5600.760329538,4306.7057543009,5024.1604348909
4881.3146145245,4103.5008556588,-2455.5328846528
10044.1336084085,8561.1142404068,8867.0091537103
9067.5345983039,9451.4648111996,11734.7061321874
4180.7457400744,4335.2839715201,-2498.7930689327
6225.9998150369,6071.9904003954,-3742.6005691749
4041.2162213927,5711.7388266047,15837.6946856767
4867.442215223,5724.6437344414,15435.8890497328
5211.602332163,3570.467880747,-3917.6122516508
4233.6559175111,5260.662417344,15404.8098245533
5337.1739430481,4637.2112086456,5384.5848781635
176.4884396406,254.3424403682,1295.0319165238
9385.2747518493,7240.537958309,7525.5062385287
1889.5266044376,792.7311437259,772.2845615359
4958.1613366451,4733.0325522038,13903.4960886499
4416.4315644539,4987.7623246382,4332.8162523452
5560.1693924698,4654.5663132021,14918.049433006
1127.764668851,1511.9147995552,573.652851731
186.2564928291,463.594940953,-155.6269807273
10259.985193357,6951.603419245,8502.300317764
4210.8994070907,4342.2813850338,5962.7883841602
9131.0689412787,8350.2468354131,7870.2232097123
640.591430803,1359.5600070671,1895.9529893054
5989.2193360617,4802.942984551,4778.8796258426
4944.4852227454,5185.5654025327,4605.0888541924
10272.0356368,7936.7080689247,9472.4119676284
4405.320767586,5568.0453485993,-4415.2847986812
8139.3297951805,7191.7093232506,10227.7803013663
5736.3460219112,4374.4503533429,4567.1010928332
5434.3905338853,4567.2381989522,3741.9635861594
8319.0858126035,10051.57955143,8459.7891274161
4681.5131468222,7166.1522712293,-3260.623535382
7813.477128894,8280.7060106936,10245.4641089963
4653.0251961148,5339.4879476508,-3458.5609097293
3930.0611157664,4204.1586014208,3294.7294141974
1804.8372423104,903.205384149,1012.1333216037
9638.4705436162,8148.6017125493,9273.6511527638
1270.1269280297,930.4549967522,1286.0427565186
4959.6858950654,5276.0849411183,5064.2059218143
498.3923782596,1159.8996998495,1345.7438832402
10176.3284849898,10050.6215698211,8639.9984831894
5509.202654796,5143.9281722534,5844.4473647092
8445.0811729399,8587.3373039895,10150.442481764
760.249487987,863.4798352666,3038.1008120707
4525.9288746092,5076.147007013,15586.0455526018
3766.9784176924,3950.4040722371,15991.8062745002
9129.5466303326,8223.3316899916,9896.5902760463
6699.7938405615,4777.4593602017,-3294.1939838158
9089.86446376,8404.9319665503,8523.8214553391
4318.3234491354,5416.2685172802,15228.7774391871
8254.9745291954,8089.4999785796,9105.9520503052
4777.3808297816,6012.443887331,4756.0365772672
1815.9304451135,497.6631814063,-609.7240219668
1318.2077460278,1564.2545471591,1041.3921312452
40.9195336469,2262.6220505905,947.7625354817
4894.8173856472,5681.1197772597,14814.177155122
5482.894487285,4091.6831837971,13891.6255928094
81.1858811809,1082.3174177598,621.4555268136
911.3620976121,1064.220975659,938.8099419611
3903.3608864482,4564.0599396876,14761.3565357877
5349.8148256521,4024.390926558,13625.9248574937
9585.5977837674,9806.5850869005,8930.9668064781
4298.6787856903,5546.8356316733,-2966.6008797067
4845.2347282464,5593.5533629568,4188.409210674
4456.5600698043,4594.2810566914,-3386.9556976206
1275.6860776056,836.0242305843,-139.5168749491
8602.8849196226,8292.1703957243,9091.6295686169
4334.577970542,3625.752449971,5632.0626225767
-755.427339515,1542.7028619582,1714.7836699523
5489.8190178925,4485.1164570257,-4356.0941573108
1239.7621842291,1058.2655283443,666.3273255447
9183.0988462521,8142.8372494523,9158.7935179715
5085.2123874292,6555.0746676188,13457.3215966082
6664.8160009619,4618.0553533214,-3993.4478398737
8006.2224043573,9384.9915370147,10259.6180366134
5847.7873213367,4891.34633404,13828.7442178439
5516.7830593934,6271.5839234961,-2311.835754562
8144.6402134831,9101.9500313238,6599.5433937776
3738.6207170582,5948.8588200533,15343.6722817491
8918.165676605,9786.6939745088,9433.299903264
5238.1531030134,5046.439735781,5100.5681625189
4463.2127985603,4569.2202588264,4170.7029538098
9482.3725681941,9664.6420490148,8848.2601935009
-57.0576703138,2133.2634693979,1321.8037965073
1042.2607584651,909.4900028226,1633.3942542884
9694.6143241705,10595.9592503743,8478.4236409198
4743.0766409347,3874.0997092432,4606.0625362608
382.1796330881,859.8996754746,1291.9733467342
8205.3990363538,8829.9714434654,8777.3188031383
9694.6023001156,8140.4669683302,10250.763979172
5337.6022538644,4919.7116018913,16414.6075743467
4469.1212264723,5294.9485413251,3418.4851364786
1606.5035738844,1703.5894749531,1788.1301003786
5398.4310815668,6178.5104859408,5603.2063248437
8662.7648111853,8567.0536746004,9279.5917624415
5914.1099280216,4475.2377287414,6707.0430586597
7626.3959199067,9628.7197475376,8537.5488919374
4926.1978645277,6941.6647225728,-1673.8514058558
5124.3303720312,5473.6281223457,-1317.2952676325
5785.521436065,3770.2253966139,5419.0270165651
5451.6482648537,4896.6022891788,5522.8074928734
894.8224313863,-403.3628449334,1978.7751417406
4199.6315142401,4168.6460135376,-3698.5027630852
139.5226790866,228.7194670489,2386.3243646389
3889.4930439399,4557.1584198378,15732.1232369749
240.0534598845,216.1214172504,1430.9665834177
6054.657604266,6015.8006149543,15282.5483950726
4677.3354206494,3691.9064548492,-2370.7468036908
2324.689242768,695.1453611999,1103.9975330814
1116.8001947349,876.6330313926,168.595239816
4214.6234032933,4806.6121540567,5215.015796524
8806.6428547644,8200.9360651995,10049.6606773609
4019.9429861889,4663.0653891324,-3507.4177260723
1297.869958955,864.1052490658,-13.6290421193
-183.0715359552,1795.0881774772,-546.1036465179
7932.9854497882,8320.0440732453,9120.2567322999
5618.9819167311,5995.5471423641,13805.4424365495
5707.1211556938,5915.7736862594,-1471.7777307344
4754.7604824139,5101.8990178142,3768.9400543901
-294.5700208183,631.8373751729,232.2132279656
4735.2660570232,3953.9304446064,14378.7575134616
2869.347187085,608.6675693626,1767.1610834514
1035.4334013669,1736.0852382727,3177.8329562191
8267.8694473463,9733.1600327704,8536.6695145499
4735.0097797554,5241.4157888339,-3540.4537781854
5078.5359087094,4564.5035393133,-3214.6556714441
4086.4742971041,3539.8906968161,-3388.3368390824
4998.2744360909,5528.6372080893,-3905.1391626131
6880.0104439733,5402.9864281868,5123.3833444723
4488.1842664724,3816.3269572422,-3257.4969075704
1264.3531481111,574.7530235976,1009.4051681976
595.362168401,901.4222180528,1383.2941632612
9207.2579743398,9417.1159423897,9993.5184867006
4264.7174449948,7316.6095906857,-3281.3666503725
4092.343316723,3036.7559011772,3986.9506397278
4532.5782790465,4993.4673873366,14742.3987309416
4178.9616706113,5080.9741966307,-4318.510586471
1811.0797380091,753.3808124592,664.3586795063
4011.6922902004,5567.661799628,5847.2789461465
4828.6477356,4777.7762089584,15121.1772113504
1142.764873198,-134.8994242404,2113.3305203724
4601.6708995679,4517.8990191412,5429.603684449
4834.4924494433,4913.5749774711,15537.0690675541
8987.6690325246,9157.4830527997,10147.464580713
1282.2905398039,1639.8685184717,454.0795325747
4472.2044185742,4033.7575363024,15121.2922127126
2134.737883337,-748.7926158335,1755.908691067
192.6440512009,1019.1537586837,369.655694105
3618.0387306612,5815.6421331558,5432.8267096664
4866.793581691,5549.87812162,5335.6606652775
5709.6999065752,3519.9741783961,13524.1366418508
8285.2914037696,8201.1252810016,9585.8195723592
3391.3721113068,5549.6585530251,14568.6990857898
5987.9108108411,5048.7987102981,15423.0610719384
6391.8141018253,4390.597041934,6023.7250983673
9992.1691101028,8304.1373937098,8192.1841477542
9567.7710240306,8029.2481543999,8398.791837386
4027.1714857412,2816.0143502223,6023.9452474431
4642.3336921422,5194.0787444031,-4030.2669377591
8265.9833472402,9072.1416014889,10427.9499511381
4195.4358161306,5965.3945876815,6248.752001212
3465.4693422833,2665.7505433549,15201.2285826828
4305.0013215451,4888.3549282039,5453.8726518621
9073.4830992189,9343.6552530676,8549.8209133198
2737.9514514396,5260.3130317708,5199.6696081192
5103.2212191581,5682.5689532189,-2664.7061351406
3453.6453833149,4493.6904550547,-2068.9905156252
6194.5541314386,5543.7374828632,15041.3339027676
6528.8604974658,5080.7719720529,4849.5023470777
9697.3704223711,8064.7798701471,9756.9826272052
6747.3390663446,5224.7326812885,14559.3236912387
5055.2186212562,4650.6950805907,14974.2645497956
9252.1092591477,8087.0626469291,8398.5688454958
3156.5235690696,5729.032541219,-1394.1589747005
5718.9120175533,5104.0679566059,14148.0315623711
4970.948929676,5336.2455289022,4525.8298118727
5996.2050591444,5400.749251085,5577.4384133351
5884.6010635023,5024.7281489209,14023.2157872888
2485.9365825828,155.8583335552,-161.9382301128
4202.2024612571,3916.6985420379,15229.640499346
5147.8206149332,3509.824055547,4375.0930027627
9182.9623199958,8519.2766741446,8723.7948791513
1511.909144263,1824.7143527051,1157.7039244545
4241.2307949573,5044.1632963266,15595.2651821882
4279.6536667362,4981.4288070428,-3458.5564067537
4757.1011388821,5378.3689882855,5321.5432506732
4949.7080952839,6268.5888236162,5377.214701551
5638.7817753805,4148.4880680796,-2717.9049921383
3769.2633294435,5578.634460523,-1815.3212069855
9199.4936950261,9828.9267651693,8978.2277145225
4330.230826741,5662.7554366958,13965.0730418621
4707.418412143,4688.5183973642,-2357.3131412663
9048.4797898238,8005.4249135713,7440.978005418
4803.850332327,5151.7880819241,6558.0678294577
5506.1960339337,5308.8736153318,5126.047770246
6258.9474991533,4634.1604391574,14211.8992538237
10210.5439963946,8963.8952252639,11454.5092430044
4945.5014228798,5871.8560469382,14308.0672571591
5374.0640455123,6241.4848466212,3716.8975749285
271.0041941531,926.3636443468,830.9634933119
8453.8312295367,8745.9798669085,7372.3271876663
1197.8546509018,133.2810536441,386.8894109951
3946.6631689182,3912.483460537,14364.0815985171
4059.9504516277,4483.0715448123,-3292.6806349704
6970.1876762393,6411.8608612707,3886.5574119328
7988.9437125178,8507.9900142529,9485.4029610541
9346.3429315651,9179.5838667432,8724.8769309718
9167.949131336,9039.8384238843,8569.3527001369
4866.2806015515,5417.0993665092,-4755.7086971206
5464.5060871264,5068.9591576928,14514.4331243339
4143.3824953075,5304.2081386344,-3871.8948246382
4454.7695211971,3706.2824123105,14703.1422857523
803.6108334937,629.7301520054,1509.7116677486
8766.23012023,8805.6177747545,8289.0139092575
1793.5124492112,491.1755746033,622.3894648341
5206.2044684632,5039.9942479099,-2427.6897677362
6133.8726963554,4732.3835390087,-3433.0801958432
8924.9108754232,9524.671856594,9761.6392708394
4609.7055582066,5647.0163309209,13542.9677895828
8628.1055106064,9441.38133953,9427.0579312736
3835.2575416599,5180.2429736312,-3761.8996817071
3877.2847890429,4697.9476130519,16632.3860093376
742.2265491881,196.3806830297,58.8603258472
4295.4819462719,6528.4835403032,3852.5548174154
4547.7265551868,5456.1576141884,14267.9652766845
5407.3147912828,4752.6333623924,5474.1265413756
4636.7314339584,3315.6573298194,4161.8845612154
-750.532870934,1337.6374143823,808.1153552001
1867.6014422466,1166.2547225637,70.8417701381
4380.8480373434,5530.8165998186,5448.1144411188
6661.884327811,5208.33362661,-3472.7338319921
2407.7472359548,2188.0908292384,505.3962123055
3955.1974081545,4291.6848459647,6078.6213978183
4474.8305105955,5002.3846686676,14168.2164056795
8598.7276508212,9081.6144966943,9280.774850879
5031.5210091769,5239.1088221818,14440.2941353255
5886.8857876875,3588.6219384047,13434.1403060112
1891.185275645,2340.9712978791,583.8083799851
8352.5299553083,7777.0866175943,9438.5028128256
4358.9185460464,4501.2106862124,-3116.3408060584
5544.2949409804,6509.1461318361,14753.474690028
6266.120757709,3934.318741432,-1615.876139989
-2171.246957904,1261.1032334947,253.5631689973
5119.3919284335,4845.7615048333,4211.0716018571
8893.2779024364,8984.2326987435,7407.0217260607
495.4341118046,-162.5125909686,925.0025064613
5534.7321630127,6258.6519303437,16346.724327749
5327.9816713188,3893.6938419386,-4067.7174208196
3871.5524726218,4110.0758657766,4874.8351393003
1725.7846185878,783.2838955903,2543.3200778471
4265.2759610145,5768.1831870674,15769.5850357258
4029.3108523667,3988.7895374472,15372.6372187934
403.9672470578,1335.2449451105,518.4564666009
4440.8589252149,5654.624818437,15184.2720072297
1226.889936011,317.20547995,737.2907928301
5391.4177309204,5621.7146137876,-1963.5599493734
6162.2679665803,4208.329335705,16056.7656518225
5767.8462207524,4319.5166058273,5567.5068908734
687.0539372434,1749.8000027641,287.5845486292
9628.902857268,8588.3071524282,8672.5760250384
8082.5523375475,10109.7975894808,9920.9268194258
5312.8113094897,4127.664918013,5283.2848806162
4331.7856977253,5231.191435379,16248.7238411552
4578.4842529216,4957.9389147971,-3971.6316968332
3671.9280801948,7518.4803537501,-1253.0680159114
1152.6887381349,-713.1812979296,1886.9344704154
5075.3777535428,5184.9522266302,-4824.2841572264
9106.639222977,8209.4885628847,8808.7088131092
5995.9187712273,3391.9169747551,4500.6700106442
4537.6782341224,6181.7466000081,5338.3812946919
1877.3712054005,1457.1029108586,2444.2966720166
-488.5643397163,673.2051672143,1058.0583123644
9137.6660060036,8522.1491201778,8663.4299243087
5755.9966228014,5991.8425075732,14195.2981711014
5899.009965033,6239.5490292918,15697.7532079218
6066.5621101483,4412.330492498,4499.6806628401
6694.8619867763,5073.0219139221,-4146.0095889313
9529.991194033,10069.4745498519,9054.1115225559
4864.2898003038,4696.9276596483,14563.9753056449
4962.2103344167,3192.6309372985,6243.5426695805
8551.0785454083,9086.6617933858,8520.3633123403
5915.0089275043,4891.776400293,-3041.8430188429
3418.1061778465,4153.8768293932,6672.4958557937
4926.7662613751,4919.1223007633,-3279.024036627
3205.9485566943,4359.5672942335,-4015.394850868
4325.2770909556,6264.2946932795,-2673.8804474119
9666.4398526106,9082.2578546701,7797.0195203967
-550.9173110331,-150.2091422211,329.4604092376
-492.9133703832,2595.0867164042,1615.1833347927
4796.5971337755,4978.2928786357,5081.5693952422
4754.1013626266,4115.027712219,-3147.0539522824
4803.4891784384,3606.3712831531,-970.3867261682
5144.5854444823,4915.8630709189,16828.4163079775
4015.0008736497,5170.6251691461,-3780.2816152121
4870.4510646551,5744.8335516327,3387.1650127845
5550.3758316808,5065.2576864575,-2460.6225733987
943.3093634655,229.815822127,2164.9834789617
8818.5152003202,9551.7391789409,9086.5680677556
4969.4730239373,6868.0087019989,-3387.4670559645
7718.1394083547,9365.0285597518,6774.5643867356
826.5319277262,492.5279317063,754.2967051833
5016.9015852079,4907.5902572266,-2727.8256064104
5772.5225139012,4489.9588165324,13896.4812286732
5929.4418099883,3564.4742263345,14413.8424482866
1224.483443978,1444.9336694646,401.5028733813
5266.0646275449,5655.3863788869,-3431.4960758111
4611.5563982722,5389.8961745312,14639.5050266161
1440.5195250918,2316.2845614401,816.6788774834
4762.7356515033,4728.8610631733,5551.2242670924
2086.7964915396,1499.8577038093,1465.9018536667
-275.4467451769,1432.0894590229,2067.0479209246
9089.265111746,8501.1760589214,8682.6590750724
4167.2829269905,4011.4061884655,5550.5238828608
6457.9139663867,4488.5214986253,-3358.8631879253
5052.429919792,5195.1157497708,-3272.832380731
5089.4046321247,5962.2151094051,15030.2915179853
4621.1791697167,5537.522798474,5339.8609901868
5068.62072706,4394.5926104158,15346.8056786431
5953.3545004363,5463.4032437188,5825.6956645798
4906.6552595864,3734.8782632797,16157.7844535821
5228.8586508031,4106.7176757351,16732.697324035
1673.0057909249,842.4372311733,1132.1919216826
7992.7766311299,8021.6931140548,8052.3997568869
5048.0698786979,5844.5886556415,14651.7758375761
1951.401760407,1113.0274589699,-355.1643951606
8212.5217052356,9687.9421052487,7875.3183488832
6002.2534763726,4253.9667366525,6733.4423598204
6030.3306050813,4943.0826400878,5018.2721349877
5730.6395898497,5105.1995706825,-2349.4124815954
4735.0282557886,5698.1357475875,-3760.3002964844
-379.8949033967,1317.7984000442,-491.1229678839
4257.4974198209,4961.5233237922,14428.1428216578
2210.3964739795,1259.887082936,367.1356140994
5327.7828212359,5107.1106290206,4373.0565557099
8502.897844458,8799.4662261985,8531.5222106873
2568.5865077927,5629.8145723877,14911.2801230925
4565.9515850162,4405.9654486594,15786.4512105123
-285.3908725298,324.3227980927,1266.6008859026
9517.337382453,8952.6859919602,8382.9831446861
9525.3474676914,8205.3712491086,8029.5219824848
1989.4203108211,555.5836414732,1844.720629446
8547.1366039495,8463.3068509038,8514.7243802041
6182.4827891649,3913.8248293776,13796.2028219864
4103.9024967708,4828.2744222635,-2223.9651980336
5185.9898891067,5392.1661738727,-1927.1027943425
455.7595538516,1099.8185345631,1266.0301942535
274.7928056759,-84.6696074565,507.9180419601
-1360.2492683152,998.4535357251,-340.0060626096
393.8884127974,2553.9775003774,1735.7898919504
4894.7782385185,5820.517839857,13596.1374212928
-461.2058292497,1760.9929734319,162.0286358839
8922.4148756095,7317.0120237008,8283.4517368577
4198.4632291449,4316.0021746045,-3133.0700249111
5052.1741233814,4813.9516371224,15705.2989519643
1527.9457275979,215.7971891382,381.4933112552
3852.2745629799,5061.636177759,3712.0471638021
9180.8227973467,9400.5698515876,9400.5287791015
5209.0618022422,3920.5900221005,5684.5017587729
4181.6976806818,5199.1145447557,6740.2878977259
402.9973654387,460.8395215528,80.7741807043
2424.3541886108,111.262547106,446.7501448432
5228.1084770388,4999.6372683671,6677.5757844578
10653.8239889737,9813.2477630042,10242.6824271717
720.6271624588,1564.6446918645,1246.0771821157
5384.1817516073,6238.2747662263,16150.8698055951
3860.1148201223,4992.6623775031,6026.7370126277
5276.1360465939,5363.2710165323,-3892.9374171672
4657.0410376328,4812.7936328879,-4211.5031781556
9752.7094127177,9167.4361063596,10080.8739683207
3930.4329518808,5303.3931733736,-2231.5508247611
6167.9306817595,4428.8171331143,-3672.5144060363
5613.2285014755,5327.6722824451,3726.8626050113
8448.8455870426,8971.7992778624,8416.9544101513
5608.8242994767,5541.3292465198,4761.6704080209
3497.244965776,4206.5594747473,-1930.0882995897
4472.1271663844,4524.2901868985,4198.3117218781
4018.0178966642,5065.7141083198,6244.8605086292
5345.9070157835,5438.9100372773,4296.6971731575
480.2132158477,2288.4281050139,753.5313527674
5564.6068758943,4706.0115315731,5443.2737456989
9968.5629026685,8846.1489201551,9933.4555991179
7575.5957823571,5100.724501659,15003.8918065654
10853.7082435036,10637.2429808324,8354.5160532537
1398.4858601768,589.4976221027,2130.3818553929
6250.5677106718,5070.7408038538,4869.7217770205
8470.4241961494,8134.3512272715,9181.2092626929
9173.5751390926,8747.9725424671,9046.3592716838
4417.1013656429,3375.2141073548,-2773.1101165466
5567.7007645812,4161.904061783,15770.5832733545
7236.6339747276,4181.9742486782,-2408.6881691715
9558.3530709315,9288.1423471929,9130.8568187192
4527.6574177222,6491.8588506943,-2058.7706456011
4280.2567980586,4997.1137344442,16551.8254770033
4749.2363445515,3558.5750186711,14984.2566826489
4952.6116717528,4273.9434401878,16238.3108806825
7390.9650099826,9681.5016706647,8897.989522596
9951.38270287,9063.0897809114,8526.1092430173
5466.7689852041,4834.7144803568,15337.2756245403
9752.6899507286,9866.7187353487,8206.3805457865
4087.8127239146,4971.2205691037,-3064.2319352512
4493.7192872236,6382.4667307305,-3662.7252744427
5030.6796814679,4602.9538273976,-3775.5709443257
5305.6873317234,5522.0833563371,4192.8764648719
3901.5526094323,6097.8264078008,5185.0036213348
2299.7715991437,602.44331577,1002.5336757592
-840.986962244,1934.1442338922,1937.8026878993
5785.1555788535,5041.1713999675,15565.7435316456
2420.68942399,902.1579236334,813.6427097301
5449.7052265267,4807.7069223071,5960.8381405345
4968.2170249564,5237.3618627021,4821.3133912924
6075.8312819842,4572.627562353,-3839.5600205762
8800.9043805172,8456.2902050444,9804.6446243471
3676.1384779737,5135.7071660956,16036.0231280606
9497.9116072954,8934.6249371896,8409.3207873061
9384.8973755669,9582.2058101331,8898.6880731425
4814.3362228016,4442.8439561575,6149.2112130091
5564.392417471,3857.9027440626,-2317.9280384564
9743.6402668179,8647.3130365133,8926.8833993106
5122.6909668468,6760.0679971733,-4549.9557682623
5709.944604287,5500.2539910974,-3845.4623077382
3842.7232593871,4876.8057198914,14516.8352312477
1168.5415958916,1198.859505078,2047.551212523
8717.5485751306,8833.1992134552,10253.2138049488
9811.9196208357,9041.058443845,8422.5790925413
7201.8831460231,8990.2793513562,9645.0343984459
1674.0844919669,1041.1652460144,393.1477982435
9300.701442263,7199.911485973,8010.9629647325
4944.5179227604,5285.5340878466,6292.5451608144
6078.0136510909,5531.2545005949,14880.7975797042
4718.8716354316,4476.3033389427,15662.3414073219
4677.7071691987,4055.6956125903,4199.9206019013
4835.3658678014,5440.7305882462,2443.4490629777
3537.7873791753,5474.3632106251,14655.8931991771
232.9187583833,679.8547923222,-436.3756656649
8600.9840134227,8122.9557264229,9043.7599339841
5232.9968266597,5486.6011356226,3816.5789773647
5128.2693536874,5202.011771367,5162.8692636628
314.6275935375,1357.0142961338,-194.8937612675
4999.7964471822,5267.4912441954,16061.9685788083
6014.0900616779,4809.72223459,6323.9583739893
5301.3193679929,5055.8080316308,-3886.0044227749
5229.6132951452,3482.9028283082,-2951.0331373883
5227.1797478324,5359.4826529481,5621.2183097319
628.7612772562,1295.3355588692,177.5779577286
3874.1675881379,6293.4469230398,5642.7653562991
4460.8571212458,5523.8923878921,3987.9956847532
8385.7873874849,7963.2314873824,7262.2159298519
1526.6008913828,806.0117419625,592.4402619086
9300.6067310804,9676.9716005144,9538.3680206484
4616.2330903052,6070.6593945077,4048.2096111859
4970.7845326572,5746.666092457,-1961.1725644871
5605.6712136658,5114.3905216286,3763.0674088266
3971.6619959477,4559.3852969595,12724.8660013269
4965.6841104307,5248.0532694111,4571.5513427274
5144.1067500863,6197.2247169194,14027.6312293358
1579.3923488547,497.7955557273,1265.2494240444
5809.8288611959,4184.3580413408,14422.2866092662
8000.1441187434,8849.9994718984,8849.554864815
6156.1945138119,4764.9945108247,-1990.6641388146
570.4542197885,-259.0020907149,860.6722314238
5446.5630129904,5581.5915154636,3514.9674239909
8008.4556250104,7592.689248454,9888.8853867754
5016.2825881173,5984.635644456,-4078.1007948681
8635.9938941299,8609.8416465925,9408.4834435236
4371.2933089271,5195.1788213079,4700.7819238542
9048.0219086526,8653.8841283651,11084.7326039539
3944.3260804278,4228.2839638639,4709.8672851131
9381.2333814251,8900.2059441582,9030.3059869589
4649.315328909,4314.0967268888,2801.391675061
8906.9355619336,8500.1634150791,8954.9902428802
5819.4442592304,4420.6746941686,-1681.4170045019
10111.1478585015,8492.8068390225,9550.5226861052
4224.8744130289,4280.6671265561,-2540.152216285
6213.7141071271,4851.6745836882,14505.9799272978
5044.8531226698,4315.3863321544,4809.8785955427
9628.4533326333,9312.1436333386,8709.3954433114
1296.4015009546,37.7896712081,1597.2325074166
5400.9548187975,6636.5938136315,13862.0038459138
4136.4189434782,4521.5262063802,4765.1137975421
5033.787040152,4308.3294195781,6047.4007009436
5148.5421600921,4927.8460589762,-2981.7415193419
5096.6295656036,4851.3351621554,-3329.2839102729
6755.9841863548,5406.4256845095,15008.8025740899
8481.9799102159,9660.7200757958,7738.9089181235
5441.5217351962,5611.8902458244,5560.2433814817
4554.4051893883,4780.7856698976,5313.1520004125
4497.6314086726,4854.0265581803,14393.277892656
2073.2759335073,61.9663278875,2389.5343259756
4366.3632202851,5329.4965018333,15536.8228786614
972.3073645646,-268.0381180275,2983.06415302
4925.2793417499,5525.1428084691,14809.0410858406
5872.7149939609,5869.0471622568,-2836.2870146135
973.1499657703,1563.8997633092,-125.964506333
8774.7917473378,9534.4281548764,9876.6034658797
4655.7414027523,5848.7868836218,-3800.7032950757
5471.7438354963,5393.2854812828,-3069.345533994
2059.5598627277,422.5007991818,2270.5942476162
1303.0550683003,1090.6080780487,1201.2584283743
2091.0655511798,918.0974255499,1414.5152330739
4205.5901797968,5589.3052349122,-2568.2767104285
5522.4306131073,5884.5075913619,-2990.6138410829
3773.1043566425,5209.0015488122,4925.6000782157
5449.2956668054,6419.1336265627,5267.2303441609
6237.377988322,5786.1454552149,4611.2932624237
1206.8630907546,853.1646510422,1513.1373755874
4849.2048638169,4441.7708661082,15223.3349974611
4042.9409002117,3829.653676106,15295.6073909092
4192.3080872376,4890.5374052823,3540.6281052093
650.9277670585,-757.3078721213,986.4239328978
3802.5566859803,5382.6849506219,15215.0867507346
4386.469438795,5120.8425612471,14307.0478126646
9172.4701980057,8774.8974718068,7887.4107150344
7638.5875718383,8652.3008186535,10423.0796226185
1345.3573479107,1451.5558199808,1077.9138586748
9113.6915022164,10208.9729693888,8588.3747995644
5283.629486173,4216.6867305103,-3761.7723419038
3831.5052479811,5178.3608450206,5153.2373415322
5898.9952698893,6295.7634116321,5360.985449388
1403.654189776,676.7964023221,942.1378232495
4955.094424162,5015.1751904876,15172.6321649063
5690.1832386626,5534.610396656,-4137.8536916927
6192.5908936052,5398.4273184382,-2688.8385709338
6907.7856196501,4696.685990377,14965.7347155648
9231.9684220451,9232.6579962226,8838.1072550628
8970.3844449947,9220.0359191731,8455.6842436577
5807.3707998818,4595.2231841535,5045.9738962417
6369.4357702479,5598.1160203962,15032.807665516
4859.0138738106,4605.6080540985,-3472.6643294239
4700.3921007636,4905.3081088567,6776.5572053185
4675.472833712,4587.9393196456,4411.4240848944
6237.4574324501,5179.9319056039,13985.6239020243
4471.5678796483,4251.7670235183,-2474.0195373864
1051.7916800961,174.7940722143,1426.8400668478
5291.8812825563,4244.9870604471,4803.9067812809
5504.9864110329,4633.0993594764,-2723.181172883
4600.6717925741,5059.087697116,-3736.7240836003
1682.0920754254,2242.8587880095,256.0399340783
4410.3147039765,6039.8270249222,5742.6554097369
4636.6819860323,4897.6917851274,15470.6647068787
1487.9744645206,827.1858026557,1131.1908025225
5058.9708574809,3755.6756839609,-3288.947108665
7474.7393647439,8881.14016172,8965.1190866859
9356.3033331311,6982.1130956606,7307.8338132914
1530.5024834172,471.9783735158,1436.2436220508
9429.0378644536,7859.3335615669,9028.4878340558
9044.9584800212,7232.6696679699,8157.5073424923
2510.7338043087,707.7195715521,1797.8658541892
5622.465864709,5461.1819048637,4063.4898218308
6586.1159222151,5134.0516559658,-3202.0670088198
8956.8375415833,8824.3774935102,8749.3072161103
1286.842679162,214.0980280481,2165.4524037794
4657.5056882377,4995.0805884202,4932.198306479
3963.8410832417,5793.4370158361,-3522.343946032
5027.4400635523,5252.8069181273,-3422.8206353613
4808.588248066,3893.3583220897,4054.8483175056
1796.1724292354,946.2937398147,1907.5639463678
6164.2739984844,5384.6983015369,-3357.0288768052
9175.7136455815,9443.3495940765,10494.7830002587
1769.7630584009,925.3591053978,1778.5907980994
9455.413939901,9197.3746701514,8300.3060094838
5576.7337833612,5963.9681936968,15652.1651507068
8786.9825600762,8569.0042277359,9480.3404909082
760.5521510258,1612.3081420907,624.3219132003
4065.4956407811,5844.4031032727,5154.8018531271
759.6031909735,2270.6218955006,1873.744481636
3822.1048350786,5869.1370085793,-4300.0027183687
6906.3853079708,5079.3928822648,-3166.5003900946
5037.0472282138,5564.2244282039,13992.6796127603
1960.3843713273,-119.1081622854,1376.7671689675
3955.9664329297,4895.1312493764,5070.1597646766
4604.0277209518,5036.6172271018,5135.6210560824
4203.4815845172,3207.5498164784,14281.6406608339
8391.6694155522,8192.3170522196,9554.6241247078
4160.9314382921,3901.3035507059,4763.519522544
4398.3182000943,4665.9822965828,-1833.6221034236
4996.3834920661,4217.1013709619,4846.1373805031
5785.6592051561,5061.428038006,5371.4838974351
8633.5818059393,7886.1824740318,9408.4682312759
-232.6719560506,942.5171327834,336.1134230002
4735.3255449907,4115.2026294921,-3584.0984851771
604.5306988577,1735.845814386,2324.5832824379
9903.6491756586,6909.7875426041,7939.0049949624
5877.7018878899,4449.358441578,-4389.5451880756
4227.3230601693,3075.1102139396,-3827.0634628229
4511.7733486208,4452.5593379624,5036.1563185688
1565.6055997292,223.4571732031,2570.817697081
10566.2641888414,9270.1124590037,9884.0456154706
4750.3102821084,4657.4931667389,-2227.8055066888
2062.1923515302,298.2425937921,1233.3724637991
5026.2362380861,4151.1215452884,14724.9006538406
890.2785446401,1553.4768480248,1476.6500015417
4552.153055412,4374.185766768,4375.2533273357
4988.4397193786,4606.6478695305,14164.2513919463
4181.4438776279,5236.7473717258,-4056.567578189
6154.6771198045,6838.4981307067,6058.4204077776
8340.0731129078,8600.0547375133,10222.2533866454
-368.6545300027,241.0435446927,902.0863855967
5233.0803334916,4230.1597326258,6240.3623403392
3484.9061276044,5283.8179883026,15689.1407687675
3932.1026337116,5168.1558055362,15410.3445621463
4003.4589754111,5990.8674738889,14929.4066538943
5315.3136851168,5696.1881278221,4153.0741736108
4890.0786331248,5127.2913517631,14495.6193785616
4822.5241388684,4198.8748268296,-2368.7547997302
4517.7584029759,4434.3972281073,-2055.7833199694
5344.2848618867,4688.5176855847,13805.8696601801
4927.1170597786,5136.4580936973,-3380.8063690369
6240.3069034252,4381.7628721391,5020.7902916177
4568.6138397139,4326.7931216088,14607.3901553423
4785.2366055812,6207.7637450933,14807.2169621432
7122.6596160952,6037.0113745583,14300.289911315
8713.6974123398,9213.5354785425,8082.775526228
1304.6156562188,1932.6015155761,1874.8724806852
263.5180859471,1970.2954388335,258.8469764708
7.9188913279,2399.9472806219,-1727.6380178847
4328.4882733506,3777.1451453329,15561.4049474491
8515.9321831735,9111.5451797978,9258.8222779824
1932.9097106594,1300.4034738338,1026.6730252541
4120.9219198832,5714.1703000381,5927.1897227661
1399.2522730483,3049.0188258901,1982.3581944384
5798.3546155624,4607.8331150753,4558.0577108196
3742.4037009609,5598.5918438947,15361.8521417942
6302.9311387775,4239.2023364751,-3231.7105649927
5340.0767404749,5422.0384566958,-4545.262920846
5292.7931132651,4538.3943295939,-1440.619843187
4407.7000123305,4868.6941930864,-2908.7865727241
5404.4533301633,5202.587829962,-4460.173886346
5232.1003584827,5006.4894869807,-2639.2552400083
5193.0439053414,4704.9178674562,-1697.1977750884
-3.9430786484,1413.9811015316,-502.0187307884
5666.7859698586,4754.9723161382,4538.0568198348
1096.114475159,1272.8912961542,-300.097985813
6005.9004395595,4074.666795178,15943.7691744525
5823.7791473019,7276.258100975,14860.3593076582
5332.0128987358,6445.2756899886,5447.7776410333
5948.9899061154,4948.0866858219,-4039.0857693287
5309.7483556654,4099.2810375117,4226.4549912102
4479.7606251363,5189.6236463626,-3378.4833174988
9271.4930983849,7931.5630287538,8648.9879626208
6891.1419512145,5146.920456034,-5217.8417363863
392.4243522814,-386.9739828803,2220.947961375
3795.6363390193,6046.6198860765,4565.3821238015
1313.1373333325,1854.0166684927,1211.749232477
271.2224169143,2124.6818146793,1316.3613936777
5012.2282543756,5344.2247283568,-3170.8544133231
5007.0838235092,6740.772706308,4987.6758141436
6184.7432868907,5133.7109926492,-3445.6903653705
6033.3468174437,4396.5822686872,3971.1734510067
1401.084608365,-20.4676509198,1159.7387077991
1509.2197753207,1163.5871786485,1527.2418219655
5417.810161352,5725.6055860009,5998.4791050987
5140.9418836929,4501.0841706713,15850.020411937
9712.6309482974,9255.8653495956,10397.523754333
4628.9420163085,4617.927533057,-2038.0077733937
611.6303921569,2107.4178080449,1734.6506488001
24.2985767399,1194.6647061827,1106.2259436058
-434.1603220588,3294.9040739714,1988.4956565389
10725.1870769327,10217.818023759,9811.3692667727
5715.0968358636,5590.231603797,14585.4921197222
6062.2627446491,6528.4253182782,14606.3035220466
6041.03510546,6322.1153932015,-3798.979862001
6679.784514516,9510.6193162996,8602.1362158273
9665.5669734647,7870.316193546,9807.2574860794
8110.0031557629,7619.6797962013,8953.3286317416
8294.3923935339,10029.9231604707,9798.7449057024
9340.2959529167,7678.88411945,8969.8338308706
5932.3655978856,5807.6924715682,3563.6086820372
5643.3111036124,3460.2545033496,5697.0867281003
5378.9960005956,4702.1839218055,7336.6804469337
5018.4342607699,3933.2158308689,15299.6089172544
1498.9239361123,500.3054450996,-142.4348011677
1081.3985984848,1104.7909887534,1086.9571193766
982.9385661736,789.0469777956,993.8761850452
3185.2158004068,1116.1045923199,1194.128950372
5016.8141739759,5023.7823969344,-3965.5771850208
533.9661293134,1228.9842515957,805.4108952599
1903.2668719326,1639.9502732465,-654.0425022375
5557.3037026058,3979.3822316802,-3185.3120656358
5639.1489273667,6111.8327246311,-2357.7945948458
8591.5099158101,9757.3507274565,7612.1517176079
8329.2631111375,9460.8749321325,8856.064607492
5980.3978407742,4608.7098071742,-3255.7469720182
4015.6526137175,4970.3604651884,15435.9035940909
6591.8063909154,4395.1073832226,15721.4812819581
-74.193197978,-249.4825228777,-594.4922137599
9968.2406335319,8499.3664876418,9042.1663095947
4982.8595036528,5072.2329305586,6145.8185348956
5627.783342061,4717.9841662635,14911.5187416748
5388.5610150439,6516.5818552635,4429.0063629403
4801.1711304407,4488.8071071122,-2922.6773243239
5173.8338129796,3629.6475360767,16269.5361215941
8830.2651672657,8670.6275382059,10298.96177695
4914.8927050366,4705.3450184871,15835.7322993338
4979.6959495541,4212.1489082591,5627.1667371312
4675.1623335612,4545.2768866975,16029.0054068995
3831.824748883,4361.341497567,-5071.2098442567
3573.0683058549,3991.7989865101,14044.7040917472
4669.3000795194,5832.352329095,5206.4335528723
3906.2200164502,5942.9741730074,14598.7861478481
4703.2910186261,5601.2678928348,4930.1395120221
1199.3826278115,681.1429660532,903.8741206231
961.9995400575,2212.5115459589,609.7262761475
4674.6638946383,5880.86495126,5300.7719600228
5329.9935290079,6119.2786878871,-2631.372404455
4253.009547441,4970.6173264327,-3401.5163148055
543.483053226,2104.1725779795,485.4798590258
5315.9596081554,5530.1466922128,14986.484683875
2107.0422568803,1383.459620142,1362.7598805841
6172.9897743935,5616.4917950743,14464.3894033223
5106.4405197307,3978.1696052181,-2502.3990340089
4975.7846867516,4912.204714097,14653.4595997611
4687.6952165915,3862.5951050571,6034.081848647
4735.3336205089,5117.7876941898,13492.7880688573
1701.45576165,564.711610756,-259.9732729408
5224.0061242431,4997.2533440288,-3330.1809788381
4213.1420619358,3857.832540956,5476.397648939
4700.0735650315,5494.9214163045,4074.8965186496
8752.4068347578,9763.6352574328,8423.700995288
3657.3747997398,4959.000280006,4616.876150163
1875.8873861031,1991.0113011422,469.7330695743
4888.5497368668,5637.9532970166,5941.4177953302
-425.6903671497,1085.4069499545,1241.4809873066
5518.1184633313,7674.1549030004,-3315.4280023387
4887.6655182452,5810.5901700874,15530.0380313175
4282.8126395667,5799.5640017198,-2603.412772744
9771.840410688,8815.4583012557,10564.2851627839
1884.9090021807,1073.2951413388,998.8575303189
5947.3459644819,3722.4454915812,5332.3769398291
-106.0267740265,114.4271577792,-37.5178163865
4967.734653564,4958.0359657195,15550.5916325004
5382.3118931749,6160.2781404512,6124.5328297242
9686.5299213839,9053.0506015103,10514.9371306584
5509.6156868952,2101.5219856983,-2132.294089472
5931.1380632691,5131.1541617695,-4074.7029872803
4765.3228630495,6071.3189046601,15191.8181908678
1422.4164445489,1277.5244196699,1545.2644054338
5243.9553545152,5653.1049142542,4059.5931069758
957.9900127245,312.436786449,309.663328769
5261.7988194296,5721.4355072965,5506.4332356465
10330.2408518421,8404.8759459149,8920.1161289364
6184.8758018283,3553.5599464358,-2198.7740977663
4431.9338490695,4160.2098087383,-4387.4522927679
-771.3221700107,1486.0977105975,716.3821827714
9736.1195241649,9009.7785149723,10596.6706674197
5530.5236963988,5725.9866690864,-1742.7299568888
-0.0760592461,-61.5010769179,1482.5665476551
7969.9829842941,8951.7202097971,10733.7859492607
9273.2578125818,9171.8527608741,8763.5589997511
5813.1859306599,4284.5751441242,14774.4171103058
7077.5632691558,4623.5508423018,-3064.7783585744
4936.7134021785,4674.7592709771,5367.0665634197
7586.9448038347,10088.3551829636,7451.8433933648
8357.9831422837,9246.9099592162,9404.1049556049
4124.7141956352,4678.2902361606,15974.0174726851
4944.6463547238,4814.3029553735,15641.8568021178
5769.9601612153,5335.7179823346,15028.6804985303
4930.4574910994,6734.9248982113,3971.7569094976
5310.4178634426,7230.4511673069,-2876.49088516
1304.5524450583,1042.7418766563,938.0967809062
8143.1591608044,9220.9354221632,8757.1416579918
5130.1391680871,3697.899377015,5515.7550002216
5543.2751444624,4590.1689813351,5421.2126467316
727.1211200868,817.4799203657,1629.0593571391
9189.0742552451,9647.218609881,7559.8271217598
5860.462662699,4733.0468899856,4656.2979082037
5086.0494341114,3218.9601839928,4574.5744219882
5024.4651800297,5328.3774462886,-3372.4599788184
9380.0181669197,7371.4625633563,9345.2844322449
-459.098686323,2391.1891662294,854.7398471586
7590.4245786311,8378.8126478873,9142.4661047207
4423.2252351495,4687.1126641516,13986.0618657047
9996.8501427918,10667.9752804162,8034.0515631282
5292.9159141318,5934.5012643684,15728.0010112258
6224.6943494967,4463.0252700784,4989.7334016886
1537.4988629849,-1117.1894277305,1236.3125526191
3889.6428978746,5297.6934297739,-2013.8032424219
5733.6627357254,5064.462154024,-3736.0864173037
6248.2213676079,4573.8558626325,16041.9060689446
9121.778847616,10024.7561159031,9341.1658118384
6704.896219183,4625.8716379645,5150.7992321659
9979.7708076072,8508.8785105648,9196.6043082842
5139.5331984929,5767.1483638643,-3219.2668290638
5714.7331418326,3983.6266520242,5460.029286896
5096.8874740034,6495.4434296175,14761.4344608313
4087.2376027306,3613.8821329014,4993.2654643734
5728.6307846472,6702.9277313465,5511.7897300723
5452.7027801074,4973.3486656652,13936.2720213771
4755.1462366028,3310.4347601506,16657.2360162828
5429.7003948301,4680.1328550404,-2207.6099493189
5484.8290742289,4684.3614873842,4616.2105184395
1318.1199601224,1714.0357637792,441.6639266954
9199.268680439,8269.3350597811,8986.0412538934
6329.6974343919,4538.6867261833,-2395.000806184
5858.9217370395,4949.5804218711,-3097.2941160883
1514.8905344316,591.8887465121,747.2439845737
6340.9402409149,4104.3908150774,-3171.5867399592
5169.109433585,6443.7660928949,4452.0176686687
1284.504868306,339.388738345,1954.7486780344
5974.9648004551,4919.1809117974,15679.7397355088
5204.8221670539,4342.8307738051,4595.1472312463
-65.3102815148,2003.1090803232,365.5337296192
5130.0531446054,4057.1379135621,15430.605834901
5573.3268864483,5250.2063240061,-3979.9654273778
6050.2078293033,6190.4387197088,16117.5526172639
4577.7474393978,5434.419460224,4447.4499934983
8659.2688681228,7730.500403806,9013.9840895943
8195.2952187054,9616.299116217,8812.5764874326
4754.1988439155,6509.0822883335,-471.2704851139
697.6085244873,915.7450551968,2187.7861254009
6324.3227576351,5038.9748393546,5635.1015663493
4524.7877987046,4944.5208947462,14035.6936667756
2384.0624072105,2082.6284575049,2162.3647404062
9126.901999094,8802.7758365871,9379.7803865078
386.0306546446,1286.452095264,289.867016691
407.9672654472,277.923816317,1060.4423090316
9546.0185867482,8695.0528636894,8977.5491232948
8577.3468256229,9101.4747764265,9752.8738777444
3186.9296498685,-705.5474626275,-61.8940947717
5833.399092018,4044.6730309744,-3909.6302648522
346.3244227452,469.0868847669,1269.671358193
4450.3057746113,5242.4267190719,14617.9908894349
4000.3606537501,5505.849059549,16038.7288906609
4406.2008470404,4921.289398516,-1946.1850017166
5804.2545381033,4209.7304276884,-3161.8586897456
4990.9123228479,4974.2232074963,15129.3534428279
5835.2602336392,5751.5905565164,5415.6870680007
1189.9940593136,675.8333562149,262.0857705232
5838.1577309614,4433.8878009558,16127.1447186417
6989.1563749314,5113.0656861124,-2090.5452854103
5107.2133514986,6083.4421622292,5239.7391501691
5975.330570571,5212.1057803758,15289.4723142211
4410.9394550708,4787.3466017894,14335.4219699719
7267.0290491235,9241.6220627137,9157.3280748859
2607.3260654391,933.1657592427,2169.1333567871
1957.4227530556,-881.0285663644,308.6523989307
3414.3702516327,5907.6628008568,4831.6520166246
4699.748626246,4685.6710147839,-1608.7010163551
8748.4138689419,9462.6761888304,11388.9382680549
4470.1186288614,5083.9477637077,-3698.5081097654
2038.238866715,1622.2889257785,1212.1379779593
3644.520361604,6477.9576902766,13937.9776041686
3041.1506379401,4593.1857925456,-3690.5449623502
5604.1095225839,5729.9693071222,3873.348896784
8413.9972768265,7671.6351709678,6883.5257122285
5494.361143282,6539.682127689,5043.9790579975
4748.1822138513,5876.0600095237,-2889.8471131076
5905.2545533732,6196.4755469784,5263.5091727514
6024.9683994566,4647.8687451343,4288.5319256861
5172.1986879437,3809.1477800703,-3096.7689477584
212.115976326,520.5247755513,643.4306393552
4566.7046541254,4689.2828046981,5193.795878941
4920.5403853647,5530.0698264548,15607.2848492442
8826.7762846866,10370.5413319594,7012.0463993767
5098.0239951315,6810.4265289345,13663.9631884872
6144.6330677228,6191.2315983396,-1478.2083556364
4725.3277790645,5151.6676320781,5636.8248135638
573.1497966679,863.9252602337,2049.4550483664
5674.8740191719,5351.9959176774,4479.1183843649
4109.2138985055,5428.275568041,14305.3472029276
4293.4786240021,5125.3523711682,-3042.9902057668
2668.6734944249,3685.6185213908,4305.5598820517
5419.3547332766,5013.0986920893,-1256.5447098206
4680.3249175202,5631.5825222124,-2879.7716452085
9398.6199843514,8198.170013581,8758.2973668644
6578.0870302289,4436.0208770687,-2516.4894663894
1901.2112195029,1341.0659562422,476.7346035054
3745.2754664053,4168.813516158,4757.3180684642
1758.9976548989,1474.5155670138,-76.065734227
1141.5740364331,2021.7445503123,720.0014749646
4652.5112800022,5973.7098213838,13983.2696589533
842.1887498723,1291.5420445641,2533.3786258837
3147.5255944191,5599.453925712,15537.1435204576
3400.4096162221,4067.8083769241,-1737.8480455859
5137.8702197527,3337.5377719969,-1198.0393781119
-53.0470614134,2157.7965818103,1172.5990762842
478.6308635511,917.0817170547,1953.6629913675
6226.7248497321,5574.293851353,4926.2137918894
4548.7738941066,5220.1386950728,-2159.9909131652
6109.4056300753,5318.8635143328,-2731.6035532023
5437.9574624715,4278.2719986858,4386.9162035996
1857.164206034,166.585865805,2078.8002369028
9534.2540516588,8674.263524687,6576.069854568
4125.5564107988,4243.4477824245,-4307.968651056
1775.6808184267,656.671326672,1778.1271274353
5193.8299572768,5856.6844865974,5727.2547354264
5203.0045780619,6352.8266303645,-2091.6072077744
8922.7494215053,10045.3039716369,7945.2579492578
6052.5713258181,4452.8251045619,14516.6478045311
4421.7379249127,4273.8289794832,5395.6950748724
2781.8963106227,521.8832691141,1453.7264233953
9134.8670664794,8775.5406560913,9185.0038539185
5599.997380119,4220.6757521358,3359.0586665196
676.8672097358,579.3066389097,1062.4281246178
5045.2828929302,4034.533726295,-3438.5242413052
